"2","2","New post title","New post content"
"3","3","New post title","New post content"
"4","4","New post title","New post content"
"5","5","New post title","New post content"
"6","6","New post title","New post content"
"7","7","New post title","New post content"
"8","8","New post title","New post content"
"9","9","New post title","New post content"
"10","10","New post title","New post content"
"11","11","New post title","New post content"
"13","12","New post title","New post content"
"14","13","New post title","New post content"
"15","14","New post title","New post content"
"16","15","New post title","New post content"
"17","16","New post title","New post content"
"18","17","New post title","New post content"
"19","18","New post title","New post content"
"20","19","New post title","New post content"
