"CONTENT","ID","TITLE","USERID"
"hello, my name is MercuryName and here is my 1 post!","1","MercuryLogin 1 post title","1"
"hello, my name is MercuryName and here is my 2 post!","2","MercuryLogin 2 post title","1"
"hello, my name is VenusName and here is my 1 post!","3","VenusLogin 1 post title","2"
"hello, my name is VenusName and here is my 2 post!","4","VenusLogin 2 post title","2"
"hello, my name is EarthName and here is my 1 post!","5","EarthLogin 1 post title","3"
"hello, my name is EarthName and here is my 2 post!","6","EarthLogin 2 post title","3"
"hello, my name is MarsName and here is my 1 post!","7","MarsLogin 1 post title","4"
"hello, my name is MarsName and here is my 2 post!","8","MarsLogin 2 post title","4"
"hello, my name is JupiterName and here is my 1 post!","9","JupiterLogin 1 post title","5"
"hello, my name is JupiterName and here is my 2 post!","10","JupiterLogin 2 post title","5"
"hello, my name is SaturnName and here is my 1 post!","11","SaturnLogin 1 post title","6"
"hello, my name is SaturnName and here is my 2 post!","12","SaturnLogin 2 post title","6"
"hello, my name is UranusName and here is my 1 post!","13","UranusLogin 1 post title","7"
"hello, my name is UranusName and here is my 2 post!","14","UranusLogin 2 post title","7"
"hello, my name is NeptuneName and here is my 1 post!","15","NeptuneLogin 1 post title","8"
"hello, my name is NeptuneName and here is my 2 post!","16","NeptuneLogin 2 post title","8"
"hello, my name is PlutoName and here is my 1 post!","17","PlutoLogin 1 post title","9"
"hello, my name is PlutoName and here is my 2 post!","18","PlutoLogin 2 post title","9"
"New post content","19","New post title","10"
"New post content","20","New post title","11"
